Player,Pos,DOB,DOB Year,Total Fights,GP,G,A,P,PIM,PIM/GP,TOI/GP,PIM/TOI%,Pen Drawn,Pen Taken,Net Pen,Pen Drawn/60,Pen Taken/60,Net Pen/60,Minor,Major,Match,Msct,G Msct,S/C,Pos,DOB,Birth City,S/P,Ctry,Ntnlty,Ht,Wt,Draft Yr,Round,Overall,1st Season,1st Season Corrected,HOF,GP,G,A,P
Tie Domi,R,1969-11-01,1969,270,"1,020",104,141,245,"3,515",3:26,--,--,--,864,--,--,--,--,470,273,0,95,26,R,R,1969-11-01,Windsor,ON,CAN,CAN,70,213,1988,2,27,19891990,1989,N,"1,020",104,141,245
Craig Berube,L,1965-12-17,1965,248,"1,054",61,98,159,"3,149",2:59,--,--,--,851,--,--,--,--,514,251,4,57,25,L,L,1965-12-17,Calahoo,AB,CAN,CAN,73,205,--,--,--,19861987,1986,N,"1,054",61,98,159
Chris Nilan,R,1958-02-09,1958,247,688,110,115,225,"3,043",4:25,--,--,--,754,--,--,--,--,420,231,3,73,27,R,R,1958-02-09,Boston,MA,USA,USA,72,205,1978,19,231,19791980,1979,N,688,110,115,225
Dave Williams,L,1954-02-03,1954,246,962,241,272,513,"3,971",4:07,--,--,--,"1,155",--,--,--,--,796,249,4,70,36,L,L,1954-02-03,Weyburn,SK,CAN,CAN,71,190,1974,2,31,19741975,1974,N,962,241,272,513
Rob Ray,R,1968-06-08,1968,239,900,41,50,91,"3,207",3:33,--,--,--,778,--,--,--,--,421,241,2,88,26,L,R,1968-06-08,Stirling,ON,CAN,CAN,72,222,1988,5,97,19891990,1989,N,900,41,50,91
Jeff Odgers,R,1969-05-31,1969,237,821,75,70,145,"2,364",2:52,--,--,--,641,--,--,--,--,352,246,0,26,17,R,R,1969-05-31,Spy Hill,SK,CAN,CAN,72,200,--,--,--,19911992,1991,N,821,75,70,145
Bob Probert,L,1965-06-05,1965,231,935,163,221,384,"3,300",3:31,--,--,--,964,--,--,--,--,644,238,7,42,33,L,L,1965-06-05,Windsor,ON,CAN,CAN,75,220,1983,3,46,19851986,1985,N,935,163,221,384
Marty McSorley,D,1963-05-18,1963,226,961,108,251,359,"3,381",3:31,--,--,--,933,--,--,--,--,607,221,2,70,33,R,D,1963-05-18,Cayuga,ON,CAN,CAN,74,235,--,--,--,19831984,1983,N,961,108,251,359
Joey Kocur,R,1964-12-21,1964,211,820,80,82,162,"2,519",3:04,--,--,--,725,--,--,--,--,460,213,3,31,18,R,R,1964-12-21,Calgary,AB,CAN,CAN,72,222,1983,5,88,19841985,1984,N,820,80,82,162
Stu Grimson,L,1965-05-20,1965,210,729,17,22,39,"2,113",2:53,--,--,--,566,--,--,--,--,308,217,0,27,14,L,L,1965-05-20,Kamloops,BC,CAN,CAN,77,239,1985,7,143,19881989,1988,N,729,17,22,39
Donald Brashear,L,1972-01-07,1972,208,"1,025",85,120,205,"2,634",2:34,--,--,--,763,--,--,--,--,490,216,1,41,15,L,L,1972-01-07,Bedford,IN,USA,USA,75,237,--,--,--,19931994,1993,N,"1,025",85,120,205
Basil McRae,L,1961-01-05,1961,204,576,53,83,136,"2,457",4:15,--,--,--,586,--,--,--,--,300,201,3,66,16,L,L,1961-01-05,Beaverton,ON,CAN,CAN,74,210,1980,5,87,19811982,1981,N,576,53,83,136
Ian Laperriere,R,1974-01-19,1974,203,"1,083",121,215,336,"1,956",1:48,--,--,--,559,--,--,--,--,327,204,0,18,10,R,R,1974-01-19,Montreal,QC,CAN,CAN,73,200,1992,7,158,19931994,1993,N,"1,083",121,215,336
Garry Howatt,L,1952-09-26,1952,198,720,112,156,268,"1,836",2:33,--,--,--,575,--,--,--,--,374,186,0,7,8,R,L,1952-09-26,Grande Cache,AB,CAN,CAN,69,175,1972,10,144,19721973,1972,N,720,112,156,268
Kelly Buchberger,R,1966-12-02,1966,198,"1,182",105,204,309,"2,297",1:56,--,--,--,667,--,--,--,--,420,203,0,28,16,L,R,1966-12-02,Langenburg,SK,CAN,CAN,74,200,1985,9,188,19871988,1987,N,"1,182",105,204,309
Tim Hunter,R,1960-09-10,1960,196,815,62,76,138,"3,146",3:51,--,--,--,873,--,--,--,--,573,202,1,57,40,R,R,1960-09-10,Calgary,AB,CAN,CAN,74,200,1979,3,54,19811982,1981,N,815,62,76,138
Matthew Barnaby,R,1973-05-04,1973,191,834,113,187,300,"2,562",3:04,--,--,--,712,--,--,--,--,446,198,1,48,19,L,R,1973-05-04,Ottawa,ON,CAN,CAN,73,191,1992,4,83,19921993,1992,N,834,113,187,300
Ken Baumgartner,L,1966-03-11,1966,186,696,13,41,54,"2,242",3:13,--,--,--,605,--,--,--,--,356,192,0,39,18,L,L,1966-03-11,Flin Flon,MB,CAN,CAN,73,205,1985,12,245,19871988,1987,N,696,13,41,54
Chris Neil,R,1979-06-18,1979,185,"1,026",112,138,250,"2,522",2:27,10:58,22.4,--,743,--,--,--,--,503,178,0,53,9,R,R,1979-06-18,Flesherton,ON,CAN,CAN,73,209,1998,6,161,20012002,2001,N,"1,026",112,138,250
Mick Vukota,R,1966-09-14,1966,184,573,17,29,46,"2,071",3:36,--,--,--,538,--,--,--,--,298,185,0,42,13,R,R,1966-09-14,Saskatoon,SK,CAN,CAN,73,225,--,--,--,19871988,1987,N,573,17,29,46
Jared Boll,R,1986-05-13,1986,178,579,28,38,66,"1,298",2:14,7:34,29.6,--,327,--,--,--,--,138,174,0,9,6,R,R,1986-05-13,Charlotte,NC,USA,USA,75,206,2005,4,101,20072008,2007,N,579,28,38,66
Brian Sutter,L,1956-10-07,1956,174,779,303,333,636,"1,786",2:17,--,--,--,568,--,--,--,--,386,164,1,12,5,L,L,1956-10-07,Viking,AB,CAN,CAN,70,180,1976,2,20,19761977,1976,N,779,303,333,636
Willi Plett,R,1955-06-07,1955,173,834,222,215,437,"2,570",3:04,--,--,--,849,--,--,--,--,645,154,6,26,18,R,R,1955-06-07,Asuncion,--,PRY,PRY,75,205,1975,5,80,19751976,1975,N,834,222,215,437
Jody Shelley,L,1976-02-07,1976,173,627,18,36,54,"1,538",2:27,6:08,39.9,--,400,--,--,--,--,199,174,1,19,7,L,L,1976-02-07,Thompson,MB,CAN,CAN,75,230,--,--,--,20002001,2000,N,627,18,36,54
Mike Peluso,L,1965-11-08,1965,172,458,38,52,90,"1,951",4:15,--,--,--,481,--,--,--,--,248,175,0,38,20,L,L,1965-11-08,Pengilly,MN,USA,USA,76,225,1984,10,191,19891990,1989,N,458,38,52,90
Kelly Chase,R,1967-10-25,1967,171,458,17,36,53,"2,017",4:24,--,--,--,476,--,--,--,--,236,171,0,44,25,R,R,1967-10-25,Porcupine Plain,SK,CAN,CAN,71,201,--,--,--,19891990,1989,N,458,17,36,53
Jim McKenzie,L,1969-11-03,1969,171,880,48,52,100,"1,739",1:58,--,--,--,443,--,--,--,--,227,175,2,19,20,L,L,1969-11-03,Gull Lake,SK,CAN,CAN,76,230,1989,4,73,19891990,1989,N,880,48,52,100
Terry O'Reilly,R,1951-06-07,1951,170,891,204,402,606,"2,095",2:21,--,--,--,655,--,--,--,--,461,157,0,21,16,R,R,1951-06-07,Niagara Falls,ON,CAN,CAN,73,200,1971,1,14,19711972,1971,N,891,204,402,606
Jay Miller,L,1960-07-16,1960,170,446,40,44,84,"1,723",3:51,--,--,--,425,--,--,--,--,212,167,0,29,17,L,L,1960-07-16,Natick,MA,USA,USA,74,210,1980,4,66,19851986,1985,N,446,40,44,84
Kris King,L,1966-02-18,1966,170,849,66,85,151,"2,030",2:23,--,--,--,648,--,--,--,--,445,178,0,14,11,L,L,1966-02-18,Bracebridge,ON,CAN,CAN,71,208,1984,4,80,19871988,1987,N,849,66,85,151
Al Secord,L,1958-03-03,1958,169,766,273,223,496,"2,095",2:44,--,--,--,656,--,--,--,--,464,155,1,28,8,--,L,1958-03-03,Sudbury,ON,CAN,CAN,73,205,1978,1,16,19781979,1978,N,766,273,223,496
Randy McKay,R,1967-01-25,1967,169,932,162,201,363,"1,731",1:51,--,--,--,491,--,--,--,--,292,169,0,19,11,R,R,1967-01-25,Montreal,QC,CAN,CAN,74,210,1985,6,113,19881989,1988,N,932,162,201,363
Paul Laus,D,1970-09-26,1970,168,530,14,58,72,"1,702",3:12,--,--,--,496,--,--,--,--,301,170,1,21,3,R,D,1970-09-26,Beamsville,ON,CAN,CAN,73,215,1989,2,37,19931994,1993,N,530,14,58,72
Torrie Robertson,L,1961-08-02,1961,167,442,49,99,148,"1,751",3:57,--,--,--,500,--,--,--,--,305,163,1,22,9,L,L,1961-08-02,Victoria,BC,CAN,CAN,71,200,1980,3,55,19801981,1980,N,442,49,99,148
Rick Tocchet,R,1964-04-09,1964,164,"1,144",440,512,952,"2,970",2:35,--,--,--,983,--,--,--,--,756,166,4,35,22,R,R,1964-04-09,Scarborough,ON,CAN,CAN,72,210,1983,6,121,19841985,1984,N,"1,144",440,512,952
Krzysztof Oliwa,L,1973-04-12,1973,163,410,17,28,45,"1,447",3:31,--,--,--,371,--,--,--,--,181,163,3,18,6,L,L,1973-04-12,Tychy,--,POL,POL,77,245,1993,3,65,19961997,1996,N,410,17,28,45
Cody McLeod,L,1984-06-26,1984,163,776,72,55,127,"1,630",2:06,10:00,21,--,438,--,--,--,--,242,164,0,25,7,L,L,1984-06-26,Binscarth,MB,CAN,CAN,74,204,--,--,--,20072008,2007,N,776,72,55,127
George Parros,R,1979-12-29,1979,159,474,18,18,36,"1,092",2:18,5:55,38.9,--,261,--,--,--,--,91,158,0,11,1,R,R,1979-12-29,Washington,PA,USA,USA,77,224,1999,8,222,20052006,2005,N,474,18,18,36
Dale Hunter,C,1960-07-31,1960,157,"1,407",323,697,"1,020","3,565",2:32,--,--,--,"1,346",--,--,--,--,"1,141",157,1,33,14,L,C,1960-07-31,Petrolia,ON,CAN,CAN,70,200,1979,2,41,19801981,1980,N,"1,407",323,697,"1,020"
Brad May,L,1971-11-29,1971,157,"1,041",127,161,288,"2,248",2:09,--,--,--,675,--,--,--,--,463,160,2,28,22,L,L,1971-11-29,Toronto,ON,CAN,CAN,73,213,1990,1,14,19911992,1991,N,"1,041",127,161,288
Dave Schultz,L,1949-10-14,1949,154,535,79,121,200,"2,292",4:17,--,--,--,541,--,--,--,--,308,134,1,73,25,L,L,1949-10-14,Waldheim,SK,CAN,CAN,73,185,1969,5,52,19711972,1971,N,535,79,121,200
Bob McGill,D,1962-04-27,1962,152,706,17,55,72,"1,766",2:30,--,--,--,505,--,--,--,--,315,154,0,24,12,R,D,1962-04-27,Edmonton,AB,CAN,CAN,73,193,1980,2,26,19811982,1981,N,706,17,55,72
Kevin McClelland,R,1962-07-04,1962,150,588,68,112,180,"1,670",2:50,--,--,--,429,--,--,--,--,243,136,1,36,13,R,R,1962-07-04,Oshawa,ON,CAN,CAN,74,205,1980,4,71,19811982,1981,N,588,68,112,180
Lyle Odelein,D,1968-07-21,1968,150,"1,056",50,202,252,"2,316",2:11,--,--,--,684,--,--,--,--,473,148,2,37,24,L,D,1968-07-21,Quill Lake,SK,CAN,CAN,72,212,1986,7,141,19891990,1989,N,"1,056",50,202,252
Todd Ewen,R,1966-03-22,1966,150,518,36,40,76,"1,914",3:41,--,--,--,542,--,--,--,--,342,154,0,25,21,R,R,1966-03-22,Saskatoon,SK,CAN,CAN,75,230,1984,8,168,19861987,1986,N,518,36,40,76
Gino Odjick,L,1970-09-07,1970,148,605,64,73,137,"2,567",4:14,--,--,--,673,--,--,--,--,422,159,2,60,30,L,L,1970-09-07,Maniwaki,QC,CAN,CAN,75,224,1990,5,86,19901991,1990,N,605,64,73,137
Gord Donnelly,D,1962-04-05,1962,147,554,28,41,69,"2,069",3:44,--,--,--,565,--,--,--,--,352,155,2,32,24,R,D,1962-04-05,Montreal,QC,CAN,CAN,73,202,1981,3,62,19831984,1983,N,554,28,41,69
Shawn Thornton,L,1977-07-23,1977,146,705,42,60,102,"1,103",1:33,8:55,17.5,--,292,--,--,--,--,139,141,1,10,1,R,L,1977-07-23,Oshawa,ON,CAN,CAN,74,217,1997,7,190,20022003,2002,N,705,42,60,102
Shane Churla,R,1965-06-24,1965,143,488,26,45,71,"2,301",4:42,--,--,--,609,--,--,--,--,378,153,1,47,30,R,R,1965-06-24,Fernie,BC,CAN,CAN,73,205,1985,6,110,19861987,1986,N,488,26,45,71
Dave Brown,R,1962-10-12,1962,141,729,45,52,97,"1,789",2:27,--,--,--,467,--,--,--,--,269,147,3,27,21,R,R,1962-10-12,Saskatoon,SK,CAN,CAN,77,220,1982,7,140,19821983,1982,N,729,45,52,97
Eric Boulton,L,1976-08-17,1976,139,654,31,48,79,"1,421",2:10,6:44,32.3,--,367,--,--,--,--,192,143,0,22,10,L,L,1976-08-17,Halifax,NS,CAN,CAN,72,227,1994,9,234,20002001,2000,N,654,31,48,79
Mike Hartman,L,1967-02-07,1967,136,397,43,35,78,"1,388",3:29,--,--,--,375,--,--,--,--,208,140,0,23,4,L,L,1967-02-07,Detroit,MI,USA,USA,72,190,1986,7,131,19861987,1986,N,397,43,35,78
Brandon Prust,L,1984-03-16,1984,133,486,40,75,115,"1,036",2:07,11:38,18.3,--,265,--,--,--,--,123,126,0,13,3,L,L,1984-03-16,London,ON,CAN,CAN,72,195,2004,3,70,20062007,2006,N,486,40,75,115
Duane Sutter,R,1960-03-16,1960,132,731,139,203,342,"1,333",1:49,--,--,--,423,--,--,--,--,294,111,1,11,6,R,R,1960-03-16,Viking,AB,CAN,CAN,72,189,1979,1,17,19791980,1979,N,731,139,203,342
Darcy Hordichuk,L,1980-08-10,1980,132,542,20,21,41,"1,140",2:06,5:34,37.7,--,291,--,--,--,--,140,130,0,15,6,L,L,1980-08-10,Kamsack,SK,CAN,CAN,73,215,2000,6,180,20002001,2000,N,542,20,21,41
Shayne Corson,L,1966-08-13,1966,130,"1,156",273,420,693,"2,357",2:02,--,--,--,786,--,--,--,--,605,133,2,35,11,L,L,1966-08-13,Barrie,ON,CAN,CAN,73,202,1984,1,8,19851986,1985,N,"1,156",273,420,693
Peter Worrell,L,1977-08-18,1977,130,391,19,27,46,"1,554",3:58,8:04,49.3,--,449,--,--,--,--,282,136,0,23,8,L,L,1977-08-18,Pierrefonds,QC,CAN,CAN,79,250,1995,7,166,19971998,1997,N,391,19,27,46
Darren McCarty,R,1972-04-01,1972,129,758,127,161,288,"1,477",1:56,--,--,--,459,--,--,--,--,306,133,0,9,11,R,R,1972-04-01,Burnaby,BC,CAN,CAN,73,210,1992,2,46,19931994,1993,N,758,127,161,288
Andrei Nazarov,L,1974-05-22,1974,128,571,53,71,124,"1,409",2:28,--,--,--,365,--,--,--,--,197,133,7,14,14,R,L,1974-05-22,Chelyabinsk,--,RUS,RUS,77,242,1992,1,10,19931994,1993,N,571,53,71,124
Georges Laraque,R,1976-12-07,1976,128,695,53,100,153,"1,126",1:37,8:19,19.5,--,317,--,--,--,--,172,134,1,6,4,R,R,1976-12-07,Montreal,QC,CAN,CAN,76,245,1995,2,31,19971998,1997,N,695,53,100,153
Matt Johnson,L,1975-11-23,1975,127,473,23,20,43,"1,523",3:13,--,--,--,419,--,--,--,--,249,135,4,18,13,L,L,1975-11-23,Welland,ON,CAN,CAN,77,235,1994,2,33,19941995,1994,N,473,23,20,43
Jim Cummins,R,1970-05-15,1970,126,511,24,36,60,"1,538",3:00,--,--,--,388,--,--,--,--,209,134,0,17,28,R,R,1970-05-15,Dearborn,MI,USA,USA,74,210,1989,4,67,19911992,1991,N,511,24,36,60
Sandy McCarthy,R,1972-06-15,1972,126,736,72,76,148,"1,534",2:05,--,--,--,386,--,--,--,--,212,126,0,31,17,R,R,1972-06-15,Toronto,ON,CAN,CAN,75,223,1991,3,52,19931994,1993,N,736,72,76,148
Wade Belak,R,1976-07-03,1976,124,549,8,25,33,"1,263",2:18,--,--,--,357,--,--,--,--,209,127,1,12,8,R,R,1976-07-03,Saskatoon,SK,CAN,CAN,77,222,1994,1,12,19961997,1996,N,549,8,25,33
Wendel Clark,L,1966-10-25,1966,123,793,330,234,564,"1,690",2:07,--,--,--,603,--,--,--,--,467,122,1,7,6,L,L,1966-10-25,Kelvington,SK,CAN,CAN,71,197,1985,1,1,19851986,1985,N,793,330,234,564
Ken Daneyko,D,1964-04-17,1964,122,"1,283",36,142,178,"2,516",1:57,--,--,--,885,--,--,--,--,716,122,1,37,9,L,D,1964-04-17,Windsor,ON,CAN,CAN,73,215,1982,1,18,19831984,1983,N,"1,283",36,142,178
Scott Mellanby,R,1966-06-11,1966,122,"1,431",364,476,840,"2,479",1:43,--,--,--,883,--,--,--,--,721,119,3,29,11,R,R,1966-06-11,Montreal,QC,CAN,CAN,73,210,1984,2,27,19851986,1985,N,"1,431",364,476,840
Luke Richardson,D,1969-03-26,1969,122,"1,417",35,166,201,"2,055",1:27,--,--,--,697,--,--,--,--,538,123,1,23,12,L,D,1969-03-26,Ottawa,ON,CAN,CAN,75,214,1987,1,7,19871988,1987,N,"1,417",35,166,201
Darren Langdon,L,1971-01-08,1971,121,521,16,23,39,"1,251",2:24,--,--,--,358,--,--,--,--,213,125,0,16,4,L,L,1971-01-08,Deer Lake,NL,CAN,CAN,73,205,--,--,--,19941995,1994,N,521,16,23,39
Jamal Mayers,R,1974-10-24,1974,119,915,90,129,219,"1,200",1:18,--,--,--,356,--,--,--,--,220,120,0,13,3,R,R,1974-10-24,Toronto,ON,CAN,CAN,73,222,1993,4,89,19961997,1996,N,915,90,129,219
Bobby Nystrom,R,1952-10-10,1952,117,900,235,278,513,"1,248",1:23,--,--,--,369,--,--,--,--,240,108,2,12,7,R,R,1952-10-10,Stockholm,--,SWE,SWE,74,200,1972,3,33,19721973,1972,N,900,235,278,513
Warren Rychel,L,1967-05-12,1967,117,406,38,39,77,"1,422",3:30,--,--,--,376,--,--,--,--,216,122,0,22,16,L,L,1967-05-12,Tecumseh,ON,CAN,CAN,72,205,--,--,--,19881989,1988,N,406,38,39,77
Colton Orr,R,1982-03-03,1982,117,477,12,12,24,"1,186",2:29,6:03,41,--,290,--,--,--,--,138,122,0,25,5,R,R,1982-03-03,Winnipeg,MB,CAN,CAN,75,222,--,--,--,20032004,2003,N,477,12,12,24
Krys Barch,R,1980-03-26,1980,116,381,12,23,35,812,2:07,6:22,33.4,--,193,--,--,--,--,70,112,0,9,2,L,R,1980-03-26,Hamilton,ON,CAN,CAN,74,225,1998,4,106,20062007,2006,N,381,12,23,35
Mel Bridgman,C,1955-04-28,1955,113,977,252,449,701,"1,625",1:39,--,--,--,464,--,--,--,--,315,101,0,34,14,L,C,1955-04-28,Trenton,ON,CAN,CAN,72,190,1975,1,1,19751976,1975,N,977,252,449,701
Louie Debrusk,L,1971-03-19,1971,113,401,24,17,41,"1,161",2:53,--,--,--,285,--,--,--,--,138,117,2,16,12,L,L,1971-03-19,Cambridge,ON,CAN,CAN,74,227,1989,3,49,19911992,1991,N,401,24,17,41
Derek Dorsett,R,1986-12-20,1986,113,515,51,76,127,"1,314",2:33,12:24,20.6,--,377,--,--,--,--,241,106,0,29,1,R,R,1986-12-20,Kindersley,SK,CAN,CAN,72,192,2006,7,189,20082009,2008,N,515,51,76,127
Ronnie Stern,R,1967-01-11,1967,112,638,75,86,161,"2,077",3:15,--,--,--,642,--,--,--,--,464,127,0,26,25,R,R,1967-01-11,Ste-Agathe-des-Monts,QC,CAN,CAN,72,200,1986,4,70,19871988,1987,N,638,75,86,161
Garth Butcher,D,1963-01-08,1963,111,897,48,158,206,"2,302",2:33,--,--,--,804,--,--,--,--,645,116,1,30,12,R,D,1963-01-08,Regina,SK,CAN,CAN,72,205,1981,1,10,19811982,1981,N,897,48,158,206
Chris Thorburn,R,1983-06-03,1983,111,801,53,81,134,968,1:12,9:16,13,--,278,--,--,--,--,157,112,0,6,3,R,R,1983-06-03,Sault Ste. Marie,ON,CAN,CAN,75,235,2001,2,50,20052006,2005,N,801,53,81,134
Scott Stevens,D,1964-04-01,1964,110,"1,635",196,712,908,"2,785",1:42,--,--,--,966,--,--,--,--,790,113,1,44,18,L,D,1964-04-01,Kitchener,ON,CAN,CAN,74,215,1982,1,5,19821983,1982,Y,"1,635",196,712,908
Denny Lambert,L,1970-01-07,1970,110,487,27,66,93,"1,391",2:51,--,--,--,406,--,--,--,--,263,113,1,24,5,L,L,1970-01-07,Wawa,ON,CAN,CAN,71,211,--,--,--,19941995,1994,N,487,27,66,93
Zenon Konopka,C,1981-01-02,1981,110,346,12,18,30,"1,082",3:07,8:26,37.1,--,253,--,--,--,--,110,114,0,25,4,L,C,1981-01-02,Niagara on the Lake,ON,CAN,CAN,72,213,--,--,--,20052006,2005,N,346,12,18,30
Steve Ott,C,1982-08-19,1982,110,848,109,179,288,"1,555",1:50,14:34,12.6,--,503,--,--,--,--,365,111,1,23,3,L,C,1982-08-19,Summerside,PE,CAN,CAN,72,193,2000,1,25,20022003,2002,N,848,109,179,288
Bob Boughner,D,1971-03-08,1971,109,630,15,57,72,"1,382",2:11,--,--,--,456,--,--,--,--,330,108,1,11,6,R,D,1971-03-08,Windsor,ON,CAN,CAN,72,205,1989,2,32,19951996,1995,N,630,15,57,72
Jay Wells,D,1959-05-18,1959,108,"1,098",47,216,263,"2,359",2:08,--,--,--,814,--,--,--,--,653,113,1,28,19,L,D,1959-05-18,Paris,ON,CAN,CAN,73,210,1979,1,16,19791980,1979,N,"1,098",47,216,263
Mark Janssens,C,1968-05-19,1968,106,711,40,73,113,"1,422",2:00,--,--,--,437,--,--,--,--,296,116,0,11,14,L,C,1968-05-19,Surrey,BC,CAN,CAN,75,216,1986,4,72,19871988,1987,N,711,40,73,113
Sean O'Donnell,D,1971-10-13,1971,106,"1,224",31,198,229,"1,809",1:28,--,--,--,617,--,--,--,--,480,105,1,19,12,L,D,1971-10-13,Ottawa,ON,CAN,CAN,74,238,1991,6,123,19941995,1994,N,"1,224",31,198,229
Alan May,L,1967-01-14,1967,105,393,31,45,76,"1,348",3:25,--,--,--,355,--,--,--,--,209,106,0,31,9,R,L,1967-01-14,Barrhead,AB,CAN,CAN,73,205,--,--,--,19871988,1987,N,393,31,45,76
Keith Crowder,R,1959-01-06,1959,104,662,223,271,494,"1,354",2:02,--,--,--,471,--,--,--,--,364,92,0,9,6,R,R,1959-01-06,Windsor,ON,CAN,CAN,72,190,1979,3,57,19801981,1980,N,662,223,271,494
Mike Foligno,R,1959-01-29,1959,104,"1,018",355,372,727,"2,047",2:00,--,--,--,682,--,--,--,--,534,103,2,28,15,R,R,1959-01-29,Sudbury,ON,CAN,CAN,74,195,1979,1,3,19791980,1979,N,"1,018",355,372,727
Chris Simon,L,1972-01-30,1972,104,782,144,161,305,"1,824",2:19,--,--,--,590,--,--,--,--,442,108,4,20,16,L,L,1972-01-30,Wawa,ON,CAN,CAN,75,232,1990,2,25,19921993,1992,N,782,144,161,305
Stephane Quintal,D,1968-10-22,1968,103,"1,037",63,180,243,"1,320",1:16,--,--,--,410,--,--,--,--,279,110,2,7,12,R,D,1968-10-22,Boucherville,QC,CAN,CAN,75,233,1987,1,14,19881989,1988,N,"1,037",63,180,243
Rob Ramage,D,1959-01-11,1959,102,"1,044",139,425,564,"2,226",2:07,--,--,--,839,--,--,--,--,706,104,0,21,8,R,D,1959-01-11,Byron,ON,CAN,CAN,74,200,1979,1,1,19791980,1979,N,"1,044",139,425,564
Tony Twist,L,1968-05-09,1968,102,445,10,18,28,"1,121",2:31,--,--,--,292,--,--,--,--,158,107,0,12,15,L,L,1968-05-09,Prince George,BC,CAN,CAN,74,245,1988,9,177,19891990,1989,N,445,10,18,28
Andre Roy,R,1975-02-08,1975,102,515,35,33,68,"1,169",2:16,--,--,--,287,--,--,--,--,147,105,0,26,9,L,R,1975-02-08,Port Chester,NY,USA,USA,76,229,1994,6,151,19951996,1995,N,515,35,33,68
B.J. Crombeen,R,1985-07-10,1985,101,445,34,46,80,850,1:54,11:12,17,--,238,--,--,--,--,129,100,0,8,1,R,R,1985-07-10,Denver,CO,USA,USA,74,209,2003,2,54,20072008,2007,N,445,34,46,80
Pat Price,D,1955-03-24,1955,100,726,43,218,261,"1,456",2:00,--,--,--,464,--,--,--,--,347,84,0,28,5,L,D,1955-03-24,Nelson,BC,CAN,CAN,74,200,1975,1,11,19751976,1975,N,726,43,218,261
Todd Fedoruk,L,1979-02-13,1979,100,545,32,65,97,"1,050",1:55,8:11,23.5,--,308,--,--,--,--,190,102,1,12,3,L,L,1979-02-13,Redwater,AB,CAN,CAN,74,232,1997,7,164,20002001,2000,N,545,32,65,97
Tim Jackman,R,1981-11-14,1981,100,483,32,43,75,806,1:40,9:04,18.4,--,218,--,--,--,--,112,96,0,9,1,R,R,1981-11-14,Minot,ND,USA,USA,74,225,2001,2,38,20032004,2003,N,483,32,43,75
Wilf Paiement,R,1955-10-16,1955,99,946,356,458,814,"1,759",1:51,--,--,--,644,--,--,--,--,528,93,1,20,2,L,R,1955-10-16,Earlton,ON,CAN,CAN,72,209,1974,1,2,19741975,1974,N,946,356,458,814
Jason Strudwick,D,1975-07-17,1975,99,674,13,42,55,811,1:12,--,--,--,242,--,--,--,--,138,101,0,1,2,L,D,1975-07-17,Edmonton,AB,CAN,CAN,76,226,1994,3,63,19951996,1995,N,674,13,42,55
Cam Janssen,R,1984-04-15,1984,99,336,6,8,14,774,2:18,4:47,48.1,--,187,--,--,--,--,77,96,0,11,3,R,R,1984-04-15,St. Louis,MO,USA,USA,72,215,2002,4,117,20052006,2005,N,336,6,8,14
Jim Peplinski,L,1960-10-24,1960,98,711,161,263,424,"1,467",2:03,--,--,--,473,--,--,--,--,351,93,0,21,8,R,L,1960-10-24,Renfrew,ON,CAN,CAN,75,209,1979,4,75,19801981,1980,N,711,161,263,424
Gerard Gallant,L,1963-09-02,1963,98,615,211,269,480,"1,674",2:43,--,--,--,484,--,--,--,--,334,100,2,31,17,L,L,1963-09-02,Summerside,PE,CAN,CAN,70,190,1981,6,107,19841985,1984,N,615,211,269,480
Jeff Beukeboom,D,1965-03-28,1965,98,804,30,129,159,"1,890",2:21,--,--,--,642,--,--,--,--,504,100,1,24,13,R,D,1965-03-28,Ajax,ON,CAN,CAN,77,230,1983,1,19,19861987,1986,N,804,30,129,159
Chris Tamer,D,1970-11-17,1970,98,644,21,64,85,"1,183",1:50,--,--,--,379,--,--,--,--,264,99,1,9,6,L,D,1970-11-17,Dearborn,MI,USA,USA,74,200,1990,4,68,19931994,1993,N,644,21,64,85
Reid Simpson,L,1969-05-21,1969,97,301,18,18,36,838,2:47,--,--,--,217,--,--,--,--,104,100,0,9,4,L,L,1969-05-21,Flin Flon,MB,CAN,CAN,74,216,1989,4,72,19911992,1991,N,301,18,18,36
Terry Ruskowski,C,1954-12-31,1954,96,629,113,313,426,"1,354",2:09,--,--,--,428,--,--,--,--,306,98,1,15,8,L,C,1954-12-31,Prince Albert,SK,CAN,CAN,68,167,1974,4,70,19791980,1979,N,629,113,313,426
Daniel Carcillo,L,1985-01-28,1985,96,429,48,52,100,"1,233",2:52,10:31,27.3,--,322,--,--,--,--,190,95,1,29,7,L,L,1985-01-28,King City,ON,CAN,CAN,72,200,2003,3,73,20062007,2006,N,429,48,52,100
Kyle Clifford,L,1991-01-13,1991,96,741,65,77,142,881,1:11,10:12,11.7,192,254,-62,1.52,2.01,-0.49,151,91,1,9,2,L,L,1991-01-13,Ayr,ON,CAN,CAN,74,214,2009,2,35,20102011,2010,N,741,65,77,142
Curt Fraser,L,1958-01-12,1958,95,704,193,239,432,"1,306",1:51,--,--,--,433,--,--,--,--,322,90,1,16,4,L,L,1958-01-12,Cincinnati,OH,USA,CAN,73,200,1978,2,22,19781979,1978,N,704,193,239,432
Randy Moller,D,1963-08-23,1963,95,815,45,180,225,"1,692",2:04,--,--,--,593,--,--,--,--,472,94,1,16,10,R,D,1963-08-23,Red Deer,AB,CAN,CAN,74,207,1981,1,11,19821983,1982,N,815,45,180,225
Laurie Boschman,C,1960-06-04,1960,94,"1,009",229,348,577,"2,263",2:14,--,--,--,734,--,--,--,--,575,99,0,44,16,L,C,1960-06-04,Major,SK,CAN,CAN,72,185,1979,1,9,19791980,1979,N,"1,009",229,348,577
Joel Otto,C,1961-10-29,1961,94,943,195,313,508,"1,934",2:03,--,--,--,601,--,--,--,--,453,92,0,37,19,R,C,1961-10-29,Elk River,MN,USA,USA,76,220,--,--,--,19841985,1984,N,943,195,313,508
Brendan Shanahan,L,1969-01-23,1969,94,"1,524",656,698,"1,354","2,489",1:37,--,--,--,853,--,--,--,--,693,101,2,32,25,R,L,1969-01-23,Mimico,ON,CAN,CAN,75,220,1987,1,2,19871988,1987,Y,"1,524",656,698,"1,354"
Arron Asham,R,1978-04-13,1978,94,789,94,114,208,"1,004",1:16,10:05,12.6,--,315,--,--,--,--,207,98,0,7,3,R,R,1978-04-13,Portage la Prairie,MB,CAN,CAN,71,210,1996,3,71,19981999,1998,N,789,94,114,208
John Kordic,R,1965-03-22,1965,94,244,17,18,35,997,4:05,--,--,--,238,--,--,--,--,116,91,0,16,15,R,R,1965-03-22,Edmonton,AB,CAN,CAN,74,210,1983,4,78,19851986,1985,N,244,17,18,35
Dan Maloney,L,1950-09-24,1950,93,737,192,259,451,"1,489",2:01,--,--,--,463,--,--,--,--,332,99,0,23,9,L,L,1950-09-24,Barrie,ON,CAN,CAN,74,195,1970,1,14,19701971,1970,N,737,192,259,451
Danny Gare,R,1954-05-14,1954,93,827,354,331,685,"1,285",1:33,--,--,--,396,--,--,--,--,280,89,1,16,10,R,R,1954-05-14,Nelson,BC,CAN,CAN,69,175,1974,2,29,19741975,1974,N,827,354,331,685
Jordin Tootoo,R,1983-02-02,1983,93,723,65,96,161,"1,010",1:23,10:16,13.6,--,312,--,--,--,--,205,94,1,9,3,R,R,1983-02-02,Churchill,MB,CAN,CAN,69,195,2001,4,98,20032004,2003,N,723,65,96,161
David Clarkson,R,1984-03-31,1984,93,570,114,86,200,992,1:44,13:59,12.4,--,306,--,--,--,--,200,94,0,11,1,R,R,1984-03-31,Toronto,ON,CAN,CAN,72,207,--,--,--,20062007,2006,N,570,114,86,200
Darin Kimble,R,1968-11-22,1968,92,311,23,20,43,"1,082",3:28,--,--,--,258,--,--,--,--,131,90,1,27,9,R,R,1968-11-22,Lucky Lake,SK,CAN,CAN,74,205,1988,4,66,19881989,1988,N,311,23,20,43
Eric Godard,R,1980-03-07,1980,92,335,6,12,18,833,2:29,4:11,59.4,--,197,--,--,--,--,84,93,0,16,4,R,R,1980-03-07,Vernon,BC,CAN,CAN,76,222,--,--,--,20022003,2002,N,335,6,12,18
Paul Holmgren,R,1955-12-02,1955,91,527,144,179,323,"1,684",3:11,--,--,--,537,--,--,--,--,407,88,5,16,21,R,R,1955-12-02,St. Paul,MN,USA,USA,75,210,1975,6,108,19751976,1975,N,527,144,179,323
Rudy Poeschek,D,1966-09-29,1966,91,364,6,25,31,817,2:14,--,--,--,225,--,--,--,--,121,93,0,8,3,R,D,1966-09-29,Kamloops,BC,CAN,CAN,74,220,1985,12,238,19871988,1987,N,364,6,25,31
Dennis Hextall,C,1943-04-17,1943,89,681,153,350,503,"1,398",2:03,--,--,--,498,--,--,--,--,384,102,1,6,5,L,C,1943-04-17,Winnipeg,MB,CAN,CAN,71,175,--,--,--,19681969,1968,N,681,153,350,503
Lindy Ruff,L,1960-02-17,1960,89,691,105,195,300,"1,266",1:49,--,--,--,408,--,--,--,--,302,80,0,21,5,L,L,1960-02-17,Warburg,AB,CAN,CAN,74,201,1979,2,32,19791980,1979,N,691,105,195,300
Lyndon Byers,R,1964-02-29,1964,89,279,28,43,71,"1,081",3:52,--,--,--,270,--,--,--,--,148,87,0,24,11,R,R,1964-02-29,Nipawin,SK,CAN,CAN,73,200,1982,2,39,19831984,1983,N,279,28,43,71
Cam Russell,D,1969-01-12,1969,89,396,9,21,30,872,2:12,--,--,--,240,--,--,--,--,134,92,0,9,5,L,D,1969-01-12,Halifax,NS,CAN,CAN,76,200,1987,3,50,19891990,1989,N,396,9,21,30
Paul Kruse,L,1970-03-15,1970,89,423,38,33,71,"1,074",2:32,--,--,--,302,--,--,--,--,186,92,0,16,8,L,L,1970-03-15,Merritt,BC,CAN,CAN,72,214,1990,4,83,19901991,1990,N,423,38,33,71
Eric Cairns,D,1974-06-27,1974,89,457,10,32,42,"1,182",2:35,--,--,--,353,--,--,--,--,236,92,0,14,11,L,D,1974-06-27,Oakville,ON,CAN,CAN,78,243,1992,3,72,19961997,1996,N,457,10,32,42
Colin Campbell,D,1953-01-28,1953,88,636,25,103,128,"1,295",2:02,--,--,--,435,--,--,--,--,337,73,2,20,3,L,D,1953-01-28,Toronto,ON,CAN,CAN,69,190,1973,2,27,19741975,1974,N,636,25,103,128
Milan Lucic,L,1988-06-07,1988,88,"1,079",226,337,563,"1,243",1:09,15:20,7.5,--,380,--,--,--,--,266,87,2,18,7,L,L,1988-06-07,Vancouver,BC,CAN,CAN,75,231,2006,2,50,20072008,2007,N,"1,079",226,337,563
Larry Playfair,D,1958-06-23,1958,87,688,26,94,120,"1,814",2:38,--,--,--,587,--,--,--,--,455,86,0,37,9,L,D,1958-06-23,Fort St. James,BC,CAN,CAN,75,216,1978,1,13,19781979,1978,N,688,26,94,120
Bill Guerin,R,1970-11-09,1970,87,"1,263",429,427,856,"1,660",1:18,--,--,--,583,--,--,--,--,469,84,0,21,9,R,R,1970-11-09,Worcester,MA,USA,USA,74,220,1989,1,5,19911992,1991,N,"1,263",429,427,856
Todd Simpson,D,1973-05-28,1973,87,580,14,63,77,"1,357",2:20,--,--,--,457,--,--,--,--,345,91,2,12,7,L,D,1973-05-28,North Vancouver,BC,CAN,CAN,75,220,--,--,--,19951996,1995,N,580,14,63,77
Bryan Marchment,D,1969-05-01,1969,86,926,40,142,182,"2,307",2:29,--,--,--,787,--,--,--,--,633,101,2,21,30,L,D,1969-05-01,Scarborough,ON,CAN,CAN,73,200,1987,1,16,19881989,1988,N,926,40,142,182
Zack Stortini,R,1985-09-11,1985,86,257,14,27,41,725,2:49,8:03,35,--,181,--,--,--,--,85,81,0,14,1,R,R,1985-09-11,Elliot Lake,ON,CAN,CAN,74,219,2003,3,94,20062007,2006,N,257,14,27,41
Joe Paterson,L,1960-06-25,1960,85,291,19,37,56,831,2:51,--,--,--,207,--,--,--,--,106,79,1,15,6,L,L,1960-06-25,Toronto,ON,CAN,CAN,74,207,1979,5,87,19801981,1980,N,291,19,37,56
Brian Curran,D,1963-11-05,1963,85,381,7,33,40,"1,461",3:50,--,--,--,406,--,--,--,--,274,83,0,38,11,L,D,1963-11-05,Toronto,ON,CAN,CAN,76,230,1982,2,22,19831984,1983,N,381,7,33,40
Matt Hendricks,C,1981-06-17,1981,85,607,54,62,116,722,1:11,11:32,10.3,--,231,--,--,--,--,149,80,0,1,1,L,C,1981-06-17,Blaine,MN,USA,USA,72,211,2000,5,131,20082009,2008,N,607,54,62,116
Mark Hunter,R,1962-11-12,1962,84,628,213,170,383,"1,426",2:16,--,--,--,472,--,--,--,--,362,82,1,17,10,R,R,1962-11-12,Petrolia,ON,CAN,CAN,72,200,1981,1,7,19811982,1981,N,628,213,170,383
Dean Kennedy,D,1963-01-18,1963,84,717,26,110,136,"1,118",1:33,--,--,--,352,--,--,--,--,249,82,0,13,8,R,D,1963-01-18,Redvers,SK,CAN,CAN,74,212,1981,2,39,19821983,1982,N,717,26,110,136
Gary Roberts,L,1966-05-23,1966,84,"1,224",438,472,910,"2,560",2:05,--,--,--,839,--,--,--,--,671,94,1,47,26,L,L,1966-05-23,North York,ON,CAN,CAN,74,215,1984,1,12,19861987,1986,N,"1,224",438,472,910
Dennis Vial,L,1969-04-10,1969,84,242,4,15,19,794,3:16,--,--,--,216,--,--,--,--,117,86,0,10,3,L,L,1969-04-10,Sault Ste. Marie,ON,CAN,CAN,73,220,1988,6,110,19901991,1990,N,242,4,15,19
Turner Stevenson,R,1972-05-18,1972,84,644,75,115,190,969,1:30,--,--,--,315,--,--,--,--,217,89,0,5,4,R,R,1972-05-18,Prince George,BC,CAN,CAN,75,230,1990,1,12,19921993,1992,N,644,75,115,190
Ryan Vandenbussche,R,1973-02-28,1973,84,310,10,10,20,702,2:15,--,--,--,188,--,--,--,--,91,90,0,4,3,R,R,1973-02-28,Simcoe,ON,CAN,CAN,72,200,1992,8,173,19961997,1996,N,310,10,10,20
Chris Dingman,L,1976-07-06,1976,84,385,15,19,34,769,1:59,7:30,26.6,--,205,--,--,--,--,107,85,1,7,5,L,L,1976-07-06,Edmonton,AB,CAN,CAN,76,244,1994,1,19,19971998,1997,N,385,15,19,34
Tom Wilson,R,1994-03-29,1994,84,632,111,156,267,"1,201",1:54,14:24,13.2,350,376,-26,2.31,2.48,-0.17,272,77,2,22,3,R,R,1994-03-29,Toronto,ON,CAN,CAN,76,220,2012,1,16,20132014,2013,N,633,112,156,268
Harold Snepsts,D,1954-10-24,1954,83,"1,033",38,195,233,"2,009",1:56,--,--,--,646,--,--,--,--,504,85,0,40,17,L,D,1954-10-24,Edmonton,AB,CAN,CAN,75,210,1974,4,59,19741975,1974,N,"1,033",38,195,233
Perry Anderson,L,1961-10-14,1961,83,400,50,59,109,"1,051",2:37,--,--,--,311,--,--,--,--,207,83,0,12,9,L,L,1961-10-14,Barrie,ON,CAN,CAN,73,225,1980,6,117,19811982,1981,N,400,50,59,109
Jamie Huscroft,D,1967-01-09,1967,83,352,5,33,38,"1,065",3:01,--,--,--,314,--,--,--,--,205,87,0,16,6,R,D,1967-01-09,Creston,BC,CAN,CAN,75,206,1985,9,171,19881989,1988,N,352,5,33,38
Reed Low,R,1976-06-21,1976,83,256,3,16,19,725,2:49,5:53,48.1,--,170,--,--,--,--,70,83,0,9,8,R,R,1976-06-21,Moose Jaw,SK,CAN,CAN,76,220,1996,7,177,20002001,2000,N,256,3,16,19
Tanner Glass,L,1983-11-29,1983,83,527,24,45,69,658,1:14,10:15,12.2,--,182,--,--,--,--,98,76,0,4,4,L,L,1983-11-29,Regina,SK,CAN,CAN,73,213,2003,9,265,20072008,2007,N,527,24,45,69
Dennis Polonich,C,1953-12-04,1953,82,390,59,82,141,"1,242",3:11,--,--,--,385,--,--,--,--,272,88,0,15,10,R,C,1953-12-04,Foam Lake,SK,CAN,CAN,66,166,1973,8,118,19741975,1974,N,390,59,82,141
Glen Cochrane,D,1958-01-29,1958,82,411,17,72,89,"1,556",3:47,--,--,--,450,--,--,--,--,318,82,0,31,19,L,D,1958-01-29,Kamloops,BC,CAN,CAN,72,210,1978,3,50,19781979,1978,N,411,17,72,89
Neil Sheehy,D,1960-02-09,1960,82,379,18,47,65,"1,316",3:28,--,--,--,392,--,--,--,--,279,76,0,34,3,R,D,1960-02-09,Fort Frances,ON,CAN,USA,74,214,--,--,--,19831984,1983,N,379,18,47,65
Troy Mallette,L,1970-02-25,1970,82,456,51,68,119,"1,226",2:41,--,--,--,345,--,--,--,--,221,92,2,19,11,L,L,1970-02-25,Sudbury,ON,CAN,CAN,75,219,1988,2,22,19891990,1989,N,456,51,68,119
Darcy Tucker,R,1975-03-15,1975,82,947,215,261,476,"1,410",1:29,--,--,--,438,--,--,--,--,320,82,1,20,15,L,R,1975-03-15,Castor,AB,CAN,CAN,70,178,1993,6,151,19951996,1995,N,947,215,261,476
Mike Rupp,L,1980-01-13,1980,82,610,54,45,99,855,1:24,8:41,16.1,--,266,--,--,--,--,175,81,1,6,3,L,L,1980-01-13,Cleveland,OH,USA,USA,77,235,2000,3,76,20022003,2002,N,610,54,45,99
Travis Moen,L,1982-04-06,1982,82,747,59,77,136,801,1:04,13:13,8.1,--,243,--,--,--,--,157,75,0,8,3,L,L,1982-04-06,Stewart Valley,SK,CAN,CAN,74,215,2000,5,155,20032004,2003,N,747,59,77,136
Jason Wiemer,C,1976-04-14,1976,81,726,90,112,202,"1,420",1:57,--,--,--,478,--,--,--,--,364,90,1,17,6,L,C,1976-04-14,Kimberley,BC,CAN,CAN,73,225,1994,1,8,19941995,1994,N,726,90,112,202
Terry Carkner,D,1966-03-07,1966,80,858,42,188,230,"1,588",1:51,--,--,--,532,--,--,--,--,412,88,2,18,12,L,D,1966-03-07,Smiths Falls,ON,CAN,CAN,75,210,1984,1,14,19861987,1986,N,858,42,188,230
Rich Pilon,D,1968-04-30,1968,80,631,8,69,77,"1,745",2:45,--,--,--,597,--,--,--,--,473,89,2,20,13,L,D,1968-04-30,Saskatoon,SK,CAN,CAN,74,214,1986,7,143,19881989,1988,N,631,8,69,77
Enrico Ciccone,D,1970-04-10,1970,80,374,10,18,28,"1,469",3:55,--,--,--,419,--,--,--,--,287,85,2,27,18,L,D,1970-04-10,Montreal,QC,CAN,CAN,77,222,1990,5,92,19911992,1991,N,374,10,18,28
Grant Marshall,R,1973-06-09,1973,80,700,92,147,239,793,1:07,--,--,--,256,--,--,--,--,169,83,1,2,1,R,R,1973-06-09,Mississauga,ON,CAN,CAN,73,200,1992,1,23,19941995,1994,N,700,92,147,239
Andrew Peters,L,1980-05-05,1980,80,229,4,3,7,650,2:50,3:52,73.3,--,144,--,--,--,--,49,80,0,13,2,L,L,1980-05-05,St. Catharines,ON,CAN,CAN,76,240,1998,2,34,20032004,2003,N,229,4,3,7
Andre Dupont,D,1949-07-27,1949,79,810,59,185,244,"1,986",2:27,--,--,--,744,--,--,--,--,634,78,0,17,15,L,D,1949-07-27,Trois-Rivières,QC,CAN,CAN,72,200,1969,1,8,19701971,1970,N,810,59,185,244
Scott Thornton,L,1971-01-09,1971,79,941,144,141,285,"1,459",1:33,--,--,--,472,--,--,--,--,354,87,0,19,12,L,L,1971-01-09,London,ON,CAN,CAN,75,220,1989,1,3,19901991,1990,N,941,144,141,285
Dave Hutchison,D,1952-05-02,1952,78,584,19,97,116,"1,550",2:39,--,--,--,470,--,--,--,--,342,84,1,20,23,L,D,1952-05-02,London,ON,CAN,CAN,75,205,1972,3,36,19741975,1974,N,584,19,97,116
Steve Smith,D,1963-04-30,1963,78,804,72,303,375,"2,139",2:39,--,--,--,759,--,--,--,--,626,89,0,26,18,L,D,1963-04-30,Glasgow,--,GBR,GBR,76,215,1981,6,111,19841985,1984,N,804,72,303,375
Rich Sutter,R,1963-12-02,1963,78,874,149,166,315,"1,411",1:36,--,--,--,491,--,--,--,--,388,81,0,18,4,R,R,1963-12-02,Viking,AB,CAN,CAN,71,188,1982,1,10,19821983,1982,N,874,149,166,315
Keith Magnuson,D,1947-04-27,1947,78,589,14,125,139,"1,440",2:26,--,--,--,505,--,--,--,--,407,72,1,21,4,R,D,1947-04-27,Saskatoon,SK,CAN,CAN,72,185,--,--,--,19691970,1969,N,589,14,125,139
Nick Kypreos,L,1966-06-04,1966,78,442,46,44,90,"1,210",2:44,--,--,--,335,--,--,--,--,215,84,2,23,11,L,L,1966-06-04,Toronto,ON,CAN,CAN,72,210,--,--,--,19891990,1989,N,442,46,44,90
Steve McKenna,L,1973-08-21,1973,78,373,18,14,32,824,2:12,--,--,--,202,--,--,--,--,97,84,0,13,8,L,L,1973-08-21,Toronto,ON,CAN,CAN,80,252,--,--,--,19961997,1996,N,373,18,14,32
Ryan Reaves,R,1987-01-20,1987,78,742,51,60,111,974,1:18,8:46,15,194,259,-65,1.79,2.39,-0.6,154,78,0,18,9,R,R,1987-01-20,Winnipeg,MB,CAN,CAN,74,225,2005,5,156,20102011,2010,N,742,51,60,111
Shawn Cronin,D,1963-08-20,1963,77,292,3,18,21,877,3:00,--,--,--,271,--,--,--,--,181,77,0,4,9,L,D,1963-08-20,Joliet,IL,USA,USA,74,225,--,--,--,19881989,1988,N,292,3,18,21
Keith Primeau,C,1971-11-24,1971,77,909,266,353,619,"1,541",1:41,--,--,--,531,--,--,--,--,418,85,0,14,14,L,C,1971-11-24,Toronto,ON,CAN,CAN,77,220,1990,1,3,19901991,1990,N,909,266,353,619
Zdeno Chara,D,1977-03-18,1977,77,"1,663",207,469,676,"2,077",1:14,23:32,5.3,--,801,--,--,--,--,695,77,0,25,4,L,D,1977-03-18,Trencin,--,SVK,SVK,81,250,1996,3,56,19971998,1997,N,"1,663",207,469,676
Gerald Diduck,D,1965-04-06,1965,76,932,56,156,212,"1,612",1:43,--,--,--,578,--,--,--,--,474,76,1,16,11,R,D,1965-04-06,Edmonton,AB,CAN,CAN,73,216,1983,1,16,19841985,1984,N,932,56,156,212
Cam Neely,R,1965-06-06,1965,76,726,395,299,694,"1,241",1:42,--,--,--,434,--,--,--,--,339,81,1,5,8,R,R,1965-06-06,Comox,BC,CAN,CAN,73,218,1983,1,9,19831984,1983,Y,726,395,299,694
Dave Manson,D,1967-01-27,1967,76,"1,103",102,288,390,"2,792",2:31,--,--,--,983,--,--,--,--,829,82,5,44,23,L,D,1967-01-27,Prince Albert,SK,CAN,CAN,74,220,1985,1,11,19861987,1986,N,"1,103",102,288,390
Doug Zmolek,D,1970-11-03,1970,76,467,11,53,64,905,1:56,--,--,--,281,--,--,--,--,189,79,0,6,7,L,D,1970-11-03,Rochester,MN,USA,USA,74,220,1989,1,7,19921993,1992,N,467,11,53,64
Sean Avery,L,1980-04-10,1980,76,580,90,157,247,"1,533",2:38,12:55,20.5,--,490,--,--,--,--,372,79,0,26,13,L,L,1980-04-10,North York,ON,CAN,CAN,70,195,--,--,--,20012002,2001,N,580,90,157,247
Micheal Haley,L,1986-03-30,1986,76,274,11,21,32,692,2:31,7:52,32.1,131,166,-35,3.64,4.62,-0.97,75,74,1,14,2,L,L,1986-03-30,Guelph,ON,CAN,CAN,71,213,--,--,--,20092010,2009,N,274,11,21,32
Mike Milbury,D,1952-06-17,1952,75,754,49,189,238,"1,552",2:03,--,--,--,539,--,--,--,--,439,68,1,19,12,L,D,1952-06-17,Brighton,MA,USA,USA,73,205,--,--,--,19751976,1975,N,754,49,189,238
Darcy Rota,L,1953-02-16,1953,75,794,256,239,495,973,1:13,--,--,--,345,--,--,--,--,264,73,0,6,2,L,L,1953-02-16,Vancouver,BC,CAN,CAN,71,180,1973,1,13,19731974,1973,N,794,256,239,495
Doug Risebrough,C,1954-01-29,1954,75,740,185,286,471,"1,542",2:05,--,--,--,515,--,--,--,--,410,68,0,26,11,--,C,1954-01-29,Guelph,ON,CAN,CAN,70,178,1974,1,7,19741975,1974,N,740,185,286,471
Behn Wilson,D,1958-12-19,1958,75,601,98,261,359,"1,480",2:27,--,--,--,480,--,--,--,--,365,80,1,22,12,--,D,1958-12-19,Toronto,ON,CAN,CAN,74,209,1978,1,6,19781979,1978,N,601,98,261,359
Matt Bradley,R,1978-06-13,1978,75,675,59,90,149,562,0:49,10:42,7.8,--,155,--,--,--,--,76,76,0,2,1,R,R,1978-06-13,Stittsville,ON,CAN,CAN,75,200,1996,4,102,20002001,2000,N,675,59,90,149
Rod Buskas,D,1961-01-07,1961,74,556,19,63,82,"1,294",2:19,--,--,--,447,--,--,--,--,350,78,1,13,5,R,D,1961-01-07,Wetaskiwin,AB,CAN,CAN,73,206,1981,6,112,19821983,1982,N,556,19,63,82
Owen Nolan,R,1972-02-12,1972,74,"1,200",422,463,885,"1,793",1:29,--,--,--,663,--,--,--,--,553,83,2,11,14,R,R,1972-02-12,Belfast,--,GBR,CAN,73,214,1990,1,1,19901991,1990,N,"1,200",422,463,885
Jarome Iginla,R,1977-07-01,1977,74,"1,554",625,675,"1,300","1,040",0:40,--,--,--,390,--,--,--,--,313,72,0,4,1,R,R,1977-07-01,Edmonton,AB,CAN,CAN,73,210,1995,1,11,19961997,1996,Y,"1,554",625,675,"1,300"
Gord Lane,D,1953-03-31,1953,72,539,19,94,113,"1,228",2:16,--,--,--,421,--,--,--,--,327,76,0,11,7,L,D,1953-03-31,Brandon,MB,CAN,CAN,73,190,1973,9,134,19751976,1975,N,539,19,94,113
Kevin Dineen,R,1963-10-28,1963,72,"1,188",355,405,760,"2,229",1:52,--,--,--,838,--,--,--,--,719,81,1,22,15,R,R,1963-10-28,Quebec City,QC,CAN,CAN,71,190,1982,3,56,19841985,1984,N,"1,188",355,405,760
Brian McGrattan,R,1981-09-02,1981,72,317,10,17,27,609,1:55,4:54,39.2,--,136,--,--,--,--,47,75,0,12,2,R,R,1981-09-02,Hamilton,ON,CAN,CAN,76,235,1999,4,104,20052006,2005,N,317,10,17,27
Gregory Campbell,C,1983-12-17,1983,72,803,71,116,187,696,0:52,12:31,6.9,--,219,--,--,--,--,144,70,0,5,0,L,C,1983-12-17,London,ON,CAN,CAN,72,188,2002,3,67,20032004,2003,N,803,71,116,187
Jack McIlhargey,D,1952-03-07,1952,71,393,11,36,47,"1,102",2:48,--,--,--,315,--,--,--,--,214,70,2,11,18,L,D,1952-03-07,Edmonton,AB,CAN,CAN,72,190,--,--,--,19741975,1974,N,393,11,36,47
Reed Larson,D,1956-07-30,1956,71,904,222,463,685,"1,388",1:32,--,--,--,524,--,--,--,--,436,74,1,10,3,R,D,1956-07-30,Minneapolis,MN,USA,USA,72,195,1976,2,22,19761977,1976,N,904,222,463,685
Randy Holt,D,1953-01-15,1953,70,395,4,37,41,"1,438",3:38,--,--,--,402,--,--,--,--,279,72,1,34,16,R,D,1953-01-15,Pembroke,ON,CAN,CAN,71,185,1973,3,45,19741975,1974,N,395,4,37,41
Dave Taylor,R,1955-12-04,1955,70,"1,111",431,638,"1,069","1,589",1:25,--,--,--,578,--,--,--,--,478,75,0,19,6,R,R,1955-12-04,Levack,ON,CAN,CAN,72,195,1975,15,210,19771978,1977,N,"1,111",431,638,"1,069"
Jim Korn,D,1957-07-28,1957,70,597,66,122,188,"1,801",3:01,--,--,--,499,--,--,--,--,351,79,0,46,23,L,D,1957-07-28,Hopkins,MN,USA,USA,76,220,1977,5,73,19791980,1979,N,597,66,122,188
Bob Rouse,D,1964-06-18,1964,70,"1,061",37,181,218,"1,561",1:28,--,--,--,599,--,--,--,--,511,69,1,12,6,R,D,1964-06-18,Surrey,BC,CAN,CAN,74,220,1982,4,80,19831984,1983,N,"1,061",37,181,218
Mark Tinordi,D,1966-05-09,1966,70,663,52,148,200,"1,514",2:17,--,--,--,476,--,--,--,--,361,72,0,28,15,L,D,1966-05-09,Red Deer,AB,CAN,CAN,76,213,--,--,--,19871988,1987,N,663,52,148,200
Steven Finn,D,1966-08-20,1966,70,725,34,78,112,"1,724",2:22,--,--,--,614,--,--,--,--,505,78,0,19,12,L,D,1966-08-20,Laval,QC,CAN,CAN,72,198,1984,3,57,19851986,1985,N,725,34,78,112
Scott Hartnell,L,1982-04-18,1982,70,"1,249",327,380,707,"1,809",1:26,15:38,9.3,--,672,--,--,--,--,569,73,0,23,7,L,L,1982-04-18,Regina,SK,CAN,CAN,74,215,2000,1,6,20002001,2000,N,"1,249",327,380,707
Wayne Simmonds,R,1988-08-26,1988,70,"1,007",262,260,522,"1,221",1:12,15:27,7.8,--,391,--,--,--,--,292,69,1,22,6,R,R,1988-08-26,Scarborough,ON,CAN,CAN,75,180,2007,2,61,20082009,2008,N,"1,007",262,260,522
Jim Nill,R,1958-04-11,1958,69,524,58,87,145,854,1:37,--,--,--,275,--,--,--,--,197,64,0,7,7,R,R,1958-04-11,Hanna,AB,CAN,CAN,72,185,1978,6,89,19811982,1981,N,524,58,87,145
David Maley,L,1963-04-24,1963,69,466,43,81,124,"1,043",2:14,--,--,--,297,--,--,--,--,199,67,1,18,12,L,L,1963-04-24,Beaver Dam,WI,USA,USA,74,195,1982,2,33,19851986,1985,N,466,43,81,124
Joe Cirella,D,1963-05-09,1963,69,828,64,211,275,"1,446",1:44,--,--,--,547,--,--,--,--,461,70,0,9,7,R,D,1963-05-09,Hamilton,ON,CAN,CAN,75,210,1981,1,5,19811982,1981,N,828,64,211,275
Steve Thomas,R,1963-07-15,1963,69,"1,235",421,512,933,"1,306",1:03,--,--,--,437,--,--,--,--,338,74,1,14,10,L,R,1963-07-15,Stockport,--,GBR,CAN,71,185,--,--,--,19841985,1984,N,"1,235",421,512,933
Chris Stewart,R,1987-10-30,1987,69,668,160,162,322,750,1:07,13:53,8.1,--,223,--,--,--,--,144,66,0,12,1,R,R,1987-10-30,Toronto,ON,CAN,CAN,74,242,2006,1,18,20082009,2008,N,668,160,162,322
Perry Turnbull,C,1959-03-09,1959,68,608,188,163,351,"1,247",2:03,--,--,--,343,--,--,--,--,231,69,0,33,10,L,C,1959-03-09,Bentley,AB,CAN,CAN,74,200,1979,1,2,19791980,1979,N,608,188,163,351
Dave Semenko,L,1957-07-12,1957,68,575,65,88,153,"1,175",2:02,--,--,--,304,--,--,--,--,190,71,2,18,23,L,L,1957-07-12,Winnipeg,MB,CAN,CAN,74,216,1977,2,25,19791980,1979,N,575,65,88,153
Troy Loney,L,1963-09-21,1963,68,624,87,110,197,"1,093",1:45,--,--,--,321,--,--,--,--,222,69,1,22,7,L,L,1963-09-21,Bow Island,AB,CAN,CAN,75,209,1982,3,52,19831984,1983,N,624,87,110,197
Dana Murzyn,D,1966-12-09,1966,68,838,52,152,204,"1,571",1:52,--,--,--,554,--,--,--,--,450,75,1,18,10,L,D,1966-12-09,Calgary,AB,CAN,CAN,74,208,1985,1,5,19851986,1985,N,838,52,152,204
Stan Jonathan,L,1955-09-05,1955,67,411,91,110,201,751,1:49,--,--,--,248,--,--,--,--,178,61,1,4,4,L,L,1955-09-05,Ohsweken,ON,CAN,CAN,68,175,1975,5,86,19751976,1975,N,411,91,110,201
Mario Marois,D,1957-12-15,1957,67,956,76,357,433,"1,746",1:49,--,--,--,607,--,--,--,--,497,72,5,19,14,R,D,1957-12-15,L'Ancienne-Lorette,QC,CAN,CAN,71,190,1977,4,62,19771978,1977,N,956,76,357,433
Ed Hospodar,D,1959-02-09,1959,67,450,17,51,68,"1,314",2:55,--,--,--,363,--,--,--,--,251,64,1,27,20,R,D,1959-02-09,Bowling Green,OH,USA,USA,74,210,1979,2,34,19791980,1979,N,450,17,51,68
Stephen Leach,R,1966-01-16,1966,67,702,130,153,283,976,1:23,--,--,--,329,--,--,--,--,247,68,0,10,4,R,R,1966-01-16,Cambridge,MA,USA,USA,71,199,1984,2,34,19851986,1985,N,702,130,153,283
Brent Severyn,L,1966-02-22,1966,67,328,10,30,40,825,2:30,--,--,--,216,--,--,--,--,125,67,0,13,11,L,L,1966-02-22,Vegreville,AB,CAN,CAN,74,211,1984,5,99,19891990,1989,N,328,10,30,40
Greg Smith,D,1955-07-18,1955,66,829,56,232,288,"1,110",1:20,--,--,--,400,--,--,--,--,323,62,0,8,7,--,D,1955-07-18,Ponoka,AB,CAN,CAN,70,194,1975,4,57,19751976,1975,N,829,56,232,288
Todd Gill,D,1965-11-09,1965,66,"1,007",82,272,354,"1,214",1:12,--,--,--,441,--,--,--,--,361,62,0,13,5,L,D,1965-11-09,Cardinal,ON,CAN,CAN,72,185,1984,2,25,19841985,1984,N,"1,007",82,272,354
Chris Gratton,C,1975-07-05,1975,66,"1,092",214,354,568,"1,638",1:30,--,--,--,607,--,--,--,--,512,68,0,17,10,L,C,1975-07-05,Brantford,ON,CAN,CAN,76,226,1993,1,3,19931994,1993,N,"1,092",214,354,568
Scott Parker,R,1978-01-29,1978,66,308,7,14,21,699,2:16,5:24,42,--,183,--,--,--,--,97,71,0,11,4,R,R,1978-01-29,Hanford,CA,USA,USA,77,240,1998,1,20,19981999,1998,N,308,7,14,21
Jason Smith,D,1973-11-02,1973,65,"1,008",41,128,169,"1,099",1:05,--,--,--,376,--,--,--,--,291,67,0,11,7,R,D,1973-11-02,Calgary,AB,CAN,CAN,75,220,1992,1,18,19931994,1993,N,"1,008",41,128,169
Kevin Bieksa,D,1981-06-16,1981,65,808,63,215,278,"1,124",1:23,21:35,6.4,--,404,--,--,--,--,329,58,0,14,3,R,D,1981-06-16,Grimsby,ON,CAN,CAN,73,197,2001,5,151,20052006,2005,N,808,63,215,278
Steve Montador,D,1979-12-21,1979,65,571,33,98,131,807,1:24,15:03,9.4,--,273,--,--,--,--,200,65,0,6,2,R,D,1979-12-21,Vancouver,BC,CAN,CAN,72,210,--,--,--,20012002,2001,N,571,33,98,131
Paul Baxter,D,1955-10-25,1955,64,472,48,121,169,"1,564",3:18,--,--,--,506,--,--,--,--,392,74,0,36,4,R,D,1955-10-25,Winnipeg,MB,CAN,CAN,71,200,1975,3,49,19791980,1979,N,472,48,121,169
Jim Kyte,D,1964-03-21,1964,64,598,17,49,66,"1,342",2:14,--,--,--,424,--,--,--,--,320,68,3,17,16,L,D,1964-03-21,Ottawa,ON,CAN,CAN,77,220,1982,1,12,19821983,1982,N,598,17,49,66
Brendan Witt,D,1975-02-20,1975,64,890,25,96,121,"1,424",1:36,--,--,--,559,--,--,--,--,477,70,0,8,4,L,D,1975-02-20,Humboldt,SK,CAN,CAN,74,223,1993,1,11,19951996,1995,N,890,25,96,121
Jeff Chychrun,D,1966-05-03,1966,63,262,3,22,25,742,2:49,--,--,--,252,--,--,--,--,185,60,0,4,3,R,D,1966-05-03,LaSalle,QC,CAN,CAN,76,215,1984,2,37,19861987,1986,N,262,3,22,25
Tom Kostopoulos,R,1979-01-24,1979,63,630,61,96,157,723,1:08,12:28,9.2,--,244,--,--,--,--,174,65,0,3,2,R,R,1979-01-24,Mississauga,ON,CAN,CAN,72,197,1999,7,204,20012002,2001,N,630,61,96,157
John Erskine,D,1980-06-26,1980,63,491,15,39,54,865,1:45,14:47,11.9,--,284,--,--,--,--,207,65,0,8,4,L,D,1980-06-26,Kingston,ON,CAN,CAN,76,220,1998,2,39,20012002,2001,N,491,15,39,54
Mark Borowiecki,D,1989-07-12,1989,63,441,15,39,54,799,1:48,14:55,12.1,160,238,-78,1.46,2.17,-0.71,156,67,0,10,5,L,D,1989-07-12,Ottawa,ON,CAN,CAN,74,204,2008,5,139,20112012,2011,N,441,15,39,54
Jimmy Mann,R,1959-04-17,1959,62,293,10,20,30,895,3:03,--,--,--,192,--,--,--,--,91,61,0,26,14,R,R,1959-04-17,Montreal,QC,CAN,CAN,72,205,1979,1,19,19791980,1979,N,293,10,20,30
Kevin Maguire,R,1963-01-05,1963,62,260,29,30,59,782,3:00,--,--,--,216,--,--,--,--,136,58,0,12,10,R,R,1963-01-05,Toronto,ON,CAN,CAN,74,200,--,--,--,19861987,1986,N,260,29,30,59
Claude Loiselle,C,1963-05-29,1963,62,616,92,117,209,"1,149",1:51,--,--,--,387,--,--,--,--,298,69,1,10,9,L,C,1963-05-29,Ottawa,ON,CAN,CAN,71,195,1981,2,23,19811982,1981,N,616,92,117,209
Scott Walker,R,1973-07-19,1973,62,829,151,246,397,"1,162",1:24,--,--,--,364,--,--,--,--,270,64,1,19,10,R,R,1973-07-19,Cambridge,ON,CAN,CAN,70,196,1993,5,124,19941995,1994,N,829,151,246,397
Steve Staios,D,1973-07-28,1973,62,"1,001",56,164,220,"1,322",1:19,--,--,--,507,--,--,--,--,429,64,0,9,5,R,D,1973-07-28,Hamilton,ON,CAN,CAN,73,200,1991,2,27,19951996,1995,N,"1,001",56,164,220
Cody McCormick,C,1983-04-18,1983,62,405,21,44,65,550,1:21,9:24,14.4,--,162,--,--,--,--,98,58,0,5,1,R,C,1983-04-18,London,ON,CAN,CAN,74,222,2001,5,144,20032004,2003,N,405,21,44,65
Adam McQuaid,D,1986-10-12,1986,62,512,16,57,73,694,1:21,16:15,8.3,148,223,-75,1.07,1.61,-0.54,156,58,0,8,1,R,D,1986-10-12,Charlottetown,PE,CAN,CAN,76,210,2005,2,55,20092010,2009,N,512,16,57,73
Pat Boutette,L,1952-03-01,1952,61,756,171,282,453,"1,354",1:47,--,--,--,503,--,--,--,--,422,60,0,18,3,L,L,1952-03-01,Windsor,ON,CAN,CAN,68,175,1972,9,139,19751976,1975,N,756,171,282,453
Clark Gillies,L,1954-04-07,1954,61,958,319,378,697,"1,025",1:04,--,--,--,407,--,--,--,--,352,49,0,3,3,L,L,1954-04-07,Moose Jaw,SK,CAN,CAN,75,215,1974,1,4,19741975,1974,Y,958,319,378,697
Sergio Momesso,L,1965-09-04,1965,61,710,152,193,345,"1,557",2:11,--,--,--,496,--,--,--,--,386,63,1,32,14,L,L,1965-09-04,Montreal,QC,CAN,CAN,75,215,1983,2,27,19831984,1983,N,710,152,193,345
Jeff Cowan,L,1976-09-27,1976,61,413,47,34,81,695,1:40,9:12,18.3,--,204,--,--,--,--,130,61,0,12,1,L,L,1976-09-27,Scarborough,ON,CAN,CAN,74,205,--,--,--,19992000,1999,N,413,47,34,81
Sean Brown,D,1976-11-05,1976,61,436,14,43,57,907,2:04,--,--,--,295,--,--,--,--,216,63,1,11,4,L,D,1976-11-05,Oshawa,ON,CAN,CAN,75,215,1995,1,21,19961997,1996,N,436,14,43,57
Antoine Roussel,L,1989-11-21,1989,61,601,84,111,195,"1,059",1:45,13:08,13.4,258,320,-62,1.96,2.43,-0.47,231,59,0,27,3,L,L,1989-11-21,Roubaix,--,FRA,FRA,71,200,--,--,--,20122013,2012,N,601,84,111,195
Chris Chelios,D,1962-01-25,1962,60,"1,651",185,763,948,"2,891",1:45,--,--,--,"1,043",--,--,--,--,906,61,1,51,24,R,D,1962-01-25,Chicago,IL,USA,USA,72,191,1981,2,40,19831984,1983,Y,"1,651",185,763,948
Ed Kastelic,R,1964-01-29,1964,60,220,11,10,21,719,3:16,--,--,--,180,--,--,--,--,97,61,0,10,12,R,R,1964-01-29,Toronto,ON,CAN,SVN,76,215,1982,6,110,19851986,1985,N,220,11,10,21
Alan Kerr,R,1964-03-28,1964,60,391,72,94,166,826,2:06,--,--,--,286,--,--,--,--,216,62,0,2,6,R,R,1964-03-28,Hazelton,BC,CAN,CAN,71,195,1982,4,84,19841985,1984,N,391,72,94,166
Nevin Markwart,L,1964-12-09,1964,60,309,41,68,109,794,2:34,--,--,--,285,--,--,--,--,219,62,1,1,2,L,L,1964-12-09,Toronto,ON,CAN,CAN,70,180,1983,1,21,19831984,1983,N,309,41,68,109
Bob Bassen,L,1965-05-06,1965,60,765,88,144,232,"1,004",1:18,--,--,--,384,--,--,--,--,317,60,0,4,3,L,L,1965-05-06,Calgary,AB,CAN,CAN,70,190,--,--,--,19851986,1985,N,765,88,144,232
Adam Burt,D,1969-01-15,1969,60,737,37,115,152,961,1:18,--,--,--,374,--,--,--,--,308,63,0,1,2,L,D,1969-01-15,Detroit,MI,USA,USA,74,210,1987,2,39,19881989,1988,N,737,37,115,152
Scott Daniels,L,1969-09-19,1969,60,149,8,12,20,667,4:28,--,--,--,157,--,--,--,--,74,63,1,12,7,L,L,1969-09-19,Mistawasis,SK,CAN,CAN,75,215,1989,7,136,19921993,1992,N,149,8,12,20
Dave Karpa,D,1971-05-07,1971,60,557,18,80,98,"1,374",2:28,--,--,--,444,--,--,--,--,344,64,0,30,6,R,D,1971-05-07,Regina,SK,CAN,CAN,73,205,1991,4,68,19911992,1991,N,557,18,80,98
Bryan McCabe,D,1975-06-08,1975,60,"1,135",145,383,528,"1,732",1:31,--,--,--,696,--,--,--,--,615,62,0,10,9,L,D,1975-06-08,St. Catharines,ON,CAN,CAN,74,223,1993,2,40,19951996,1995,N,"1,135",145,383,528
Deryk Engelland,D,1982-04-03,1982,60,671,30,97,127,579,0:51,16:27,5.2,129,179,-50,0.7,0.97,-0.27,117,55,1,4,2,R,D,1982-04-03,Edmonton,AB,CAN,CAN,74,212,2000,6,194,20092010,2009,N,671,30,97,127
Ben Eager,L,1984-01-22,1984,60,407,43,42,85,875,2:08,8:32,25.2,--,246,--,--,--,--,162,59,2,19,4,L,L,1984-01-22,Ottawa,ON,CAN,CAN,74,226,2002,1,23,20052006,2005,N,407,43,42,85
Paul Bissonnette,L,1985-03-11,1985,60,202,7,15,22,340,1:40,5:18,31.8,--,80,--,--,--,--,25,52,0,3,0,L,L,1985-03-11,Welland,ON,CAN,CAN,74,216,2003,4,121,20082009,2008,N,202,7,15,22
Jerry Korab,D,1948-09-15,1948,59,975,114,341,455,"1,629",1:40,--,--,--,615,--,--,--,--,529,59,2,16,9,L,D,1948-09-15,Sault Ste. Marie,ON,CAN,CAN,75,220,--,--,--,19701971,1970,N,975,114,341,455
Brad Smith,R,1958-04-13,1958,59,222,28,34,62,593,2:40,--,--,--,157,--,--,--,--,88,55,0,8,6,R,R,1958-04-13,Windsor,ON,CAN,CAN,72,194,1978,4,57,19781979,1978,N,222,28,34,62
Jim Pavese,D,1962-06-08,1962,59,328,13,44,57,689,2:06,--,--,--,222,--,--,--,--,159,53,0,5,5,L,D,1962-06-08,New York City,NY,USA,USA,74,205,1980,3,54,19811982,1981,N,328,13,44,57
Barret Jackman,D,1981-03-05,1981,59,876,29,157,186,"1,102",1:15,19:50,6.3,--,408,--,--,--,--,338,56,0,11,3,L,D,1981-03-05,Trail,BC,CAN,CAN,72,203,1999,1,17,20012002,2001,N,876,29,157,186
Luke Schenn,D,1989-11-02,1989,59,848,36,130,166,666,0:47,17:41,4.4,--,223,--,--,--,--,161,56,0,6,0,R,D,1989-11-02,Saskatoon,SK,CAN,CAN,74,225,2008,1,5,20082009,2008,N,849,36,130,166
Derek Boogaard,L,1982-06-23,1982,59,277,3,13,16,589,2:07,5:05,41.7,--,175,--,--,--,--,107,61,0,7,0,L,L,1982-06-23,Saskatoon,SK,CAN,CAN,79,265,2001,7,202,20052006,2005,N,277,3,13,16
Martin Lapointe,R,1973-09-12,1973,58,991,181,200,381,"1,417",1:25,--,--,--,472,--,--,--,--,376,59,1,26,10,R,R,1973-09-12,Ville St. Pierre,QC,CAN,CAN,71,215,1991,1,10,19911992,1991,N,991,181,200,381
Chris McAllister,L,1975-06-16,1975,58,301,4,17,21,634,2:06,9:44,21.6,--,190,--,--,--,--,122,58,0,5,5,L,L,1975-06-16,Saskatoon,SK,CAN,CAN,79,250,1995,2,40,19971998,1997,N,301,4,17,21
Brenden Morrow,L,1979-01-16,1979,58,991,265,310,575,"1,362",1:22,16:48,8.2,--,551,--,--,--,--,481,60,0,6,4,L,L,1979-01-16,Carlyle,SK,CAN,CAN,71,212,1997,1,25,19992000,1999,N,991,265,310,575
Mario Tremblay,R,1956-09-02,1956,57,852,258,326,584,"1,043",1:13,--,--,--,345,--,--,--,--,273,47,1,18,6,R,R,1956-09-02,Alma,QC,CAN,CAN,72,189,1974,1,12,19741975,1974,N,852,258,326,584
Randy Ladouceur,D,1960-06-30,1960,57,930,30,126,156,"1,322",1:25,--,--,--,490,--,--,--,--,411,58,0,15,6,L,D,1960-06-30,Brockville,ON,CAN,CAN,74,220,--,--,--,19821983,1982,N,930,30,126,156
Dan Frawley,R,1962-06-02,1962,57,273,37,40,77,674,2:28,--,--,--,191,--,--,--,--,117,60,0,10,4,R,R,1962-06-02,Sturgeon Falls,ON,CAN,CAN,72,170,1980,10,204,19831984,1983,N,273,37,40,77
Ryane Clowe,L,1982-09-30,1982,57,491,112,197,309,618,1:15,16:28,7.6,--,197,--,--,--,--,134,56,0,5,2,L,L,1982-09-30,St. John's,NL,CAN,CAN,75,225,2001,6,175,20052006,2005,N,491,112,197,309
Nicolas Deslauriers,L,1991-02-22,1991,57,490,42,41,83,498,1:00,10:45,9.5,105,132,-27,1.2,1.5,-0.31,69,54,1,8,0,L,L,1991-02-22,LaSalle,QC,CAN,CAN,73,220,2009,3,84,20132014,2013,N,490,42,41,83
John Wensink,L,1953-04-01,1953,56,403,70,68,138,840,2:05,--,--,--,232,--,--,--,--,152,54,3,9,14,L,L,1953-04-01,Cornwall,ON,CAN,CAN,70,198,1973,7,104,19731974,1973,N,403,70,68,138
Brad Maxwell,D,1957-07-08,1957,56,613,98,270,368,"1,292",2:06,--,--,--,472,--,--,--,--,395,56,0,12,9,R,D,1957-07-08,Brandon,MB,CAN,CAN,74,194,1977,1,7,19771978,1977,N,613,98,270,368
Lee Norwood,D,1960-02-02,1960,56,503,58,153,211,"1,099",2:11,--,--,--,347,--,--,--,--,264,53,0,17,13,L,D,1960-02-02,Oakland,CA,USA,USA,73,198,1979,3,62,19801981,1980,N,503,58,153,211
Dave Lowry,L,1965-02-14,1965,56,"1,084",164,187,351,"1,191",1:05,--,--,--,394,--,--,--,--,308,57,0,17,12,L,L,1965-02-14,Sudbury,ON,CAN,CAN,73,192,1983,6,110,19851986,1985,N,"1,084",164,187,351
Jamie Pushor,D,1973-02-11,1973,56,521,14,46,60,648,1:14,--,--,--,208,--,--,--,--,144,56,0,4,4,R,D,1973-02-11,Lethbridge,AB,CAN,CAN,75,218,1991,2,32,19951996,1995,N,521,14,46,60
Brad Brown,D,1975-12-27,1975,56,330,2,27,29,747,2:15,--,--,--,226,--,--,--,--,151,61,0,9,5,R,D,1975-12-27,Baie Verte,NL,CAN,CAN,76,220,1994,1,18,19961997,1996,N,330,2,27,29
Brad Staubitz,R,1984-07-28,1984,56,230,10,11,21,521,2:15,6:23,35.5,--,148,--,--,--,--,87,53,0,6,2,R,R,1984-07-28,Edmonton,AB,CAN,CAN,73,207,--,--,--,20082009,2008,N,230,10,11,21
Rick Vaive,R,1959-05-14,1959,55,876,441,347,788,"1,445",1:38,--,--,--,510,--,--,--,--,422,57,0,23,8,R,R,1959-05-14,Ottawa,ON,CAN,CAN,73,198,1979,1,5,19791980,1979,N,876,441,347,788
Gary Nylund,D,1963-10-28,1963,55,608,32,139,171,"1,235",2:01,--,--,--,437,--,--,--,--,359,57,0,13,8,L,D,1963-10-28,Surrey,BC,CAN,CAN,76,210,1982,1,3,19821983,1982,N,608,32,139,171
Greg Smyth,D,1966-04-23,1966,55,229,4,16,20,783,3:25,--,--,--,201,--,--,--,--,119,55,1,13,13,R,D,1966-04-23,Oakville,ON,CAN,CAN,75,212,1984,2,22,19861987,1986,N,229,4,16,20
Todd Harvey,R,1975-02-17,1975,55,671,91,132,223,950,1:24,--,--,--,340,--,--,--,--,270,58,0,7,5,R,R,1975-02-17,Hamilton,ON,CAN,CAN,72,210,1993,1,9,19941995,1994,N,671,91,132,223
Raitis Ivanans,L,1979-01-03,1979,55,282,12,6,18,569,2:01,6:27,31.2,--,174,--,--,--,--,112,55,0,6,1,L,L,1979-01-03,Riga,--,LVA,LVA,76,231,--,--,--,20052006,2005,N,282,12,6,18
Dion Phaneuf,D,1985-04-10,1985,55,"1,048",137,357,494,"1,347",1:17,23:26,5.5,--,530,--,--,--,--,458,57,0,10,4,L,D,1985-04-10,Edmonton,AB,CAN,CAN,76,222,2003,1,9,20052006,2005,N,"1,048",137,357,494
Marcus Foligno,L,1991-08-10,1991,55,664,105,137,242,645,0:58,14:08,6.9,199,209,-10,1.27,1.34,-0.06,148,53,0,7,1,L,L,1991-08-10,Buffalo,NY,USA,CAN,75,226,2009,4,104,20112012,2011,N,664,105,137,242
Phil Russell,D,1952-07-21,1952,54,"1,016",99,325,424,"2,038",2:00,--,--,--,801,--,--,--,--,714,52,1,23,11,R,D,1952-07-21,Edmonton,AB,CAN,CAN,74,200,1972,1,13,19721973,1972,N,"1,016",99,325,424
Ulf Samuelsson,D,1964-03-26,1964,54,"1,080",57,275,332,"2,453",2:16,--,--,--,967,--,--,--,--,868,57,2,24,16,L,D,1964-03-26,Fagerstad,--,SWE,SWE,73,205,1982,4,67,19841985,1984,N,"1,080",57,275,332
Dan Kordic,L,1971-04-18,1971,54,197,4,8,12,584,2:57,--,--,--,136,--,--,--,--,62,56,0,14,4,L,L,1971-04-18,Edmonton,AB,CAN,CAN,77,233,1990,5,88,19911992,1991,N,197,4,8,12
Derian Hatcher,D,1972-06-04,1972,54,"1,045",80,251,331,"1,581",1:30,--,--,--,598,--,--,--,--,513,59,0,13,13,L,D,1972-06-04,Sterling Heights,MI,USA,USA,77,235,1990,1,8,19911992,1991,N,"1,045",80,251,331
Brantt Myhres,R,1974-03-18,1974,54,154,6,2,8,687,4:27,--,--,--,142,--,--,--,--,56,57,1,16,12,R,R,1974-03-18,Edmonton,AB,CAN,CAN,75,220,1992,5,97,19941995,1994,N,154,6,2,8
Ken Belanger,L,1974-05-14,1974,54,248,11,12,23,695,2:48,--,--,--,178,--,--,--,--,100,57,0,15,6,L,L,1974-05-14,Sault Ste. Marie,ON,CAN,CAN,76,225,1992,7,153,19941995,1994,N,248,11,12,23
P.J. Stock,C,1975-05-26,1975,54,235,5,21,26,523,2:13,5:44,38.7,--,151,--,--,--,--,89,55,0,4,3,L,C,1975-05-26,Montreal,QC,CAN,CAN,70,200,--,--,--,19971998,1997,N,235,5,21,26
Craig Adams,R,1977-04-26,1977,54,951,55,105,160,683,0:43,10:53,6.6,--,214,--,--,--,--,148,55,0,6,5,R,R,1977-04-26,Seria,--,BRN,CAN,72,200,1996,9,223,20002001,2000,N,951,55,105,160
Marc Potvin,R,1967-01-29,1967,54,121,3,5,8,456,3:46,--,--,--,118,--,--,--,--,58,52,0,2,6,R,R,1967-01-29,Ottawa,ON,CAN,CAN,73,215,1986,9,169,19901991,1990,N,121,3,5,8
Brad Park,D,1948-07-06,1948,53,"1,113",213,683,896,"1,429",1:17,--,--,--,550,--,--,--,--,480,47,0,13,10,L,D,1948-07-06,Toronto,ON,CAN,CAN,72,200,1966,1,2,19681969,1968,Y,"1,113",213,683,896
Dwight Schofield,D,1956-03-25,1956,53,211,8,22,30,628,2:58,--,--,--,167,--,--,--,--,98,54,0,10,5,L,D,1956-03-25,Waltham,MA,USA,USA,75,200,1976,5,76,19761977,1976,N,211,8,22,30
Herb Raglan,R,1967-08-05,1967,53,343,33,56,89,775,2:15,--,--,--,234,--,--,--,--,159,59,0,10,6,R,R,1967-08-05,Peterborough,ON,CAN,CAN,72,205,1985,2,37,19851986,1985,N,343,33,56,89
Craig Rivet,D,1974-09-13,1974,53,923,50,187,237,"1,171",1:16,--,--,--,420,--,--,--,--,346,53,1,13,7,R,D,1974-09-13,North Bay,ON,CAN,CAN,74,207,1992,3,68,19941995,1994,N,923,50,187,237
Adam Deadmarsh,R,1975-05-10,1975,53,567,184,189,373,819,1:26,--,--,--,268,--,--,--,--,196,59,1,8,4,R,R,1975-05-10,Trail,BC,CAN,USA,72,205,1993,1,14,19941995,1994,N,567,184,189,373
Matt Walker,D,1980-04-07,1980,53,314,4,26,30,464,1:28,15:09,9.8,--,139,--,--,--,--,85,50,0,3,1,R,D,1980-04-07,Beaverlodge,AB,CAN,CAN,76,215,1998,3,83,20022003,2002,N,314,4,26,30
Matt Carkner,D,1980-11-03,1980,53,237,4,23,27,556,2:20,14:16,16.4,--,168,--,--,--,--,108,52,0,7,1,R,D,1980-11-03,Winchester,ON,CAN,CAN,77,229,1999,2,58,20052006,2005,N,237,4,23,27
Mark Hardy,D,1959-02-01,1959,52,915,62,306,368,"1,293",1:24,--,--,--,472,--,--,--,--,397,51,3,14,7,L,D,1959-02-01,Samedan,--,CHE,CAN,71,195,1979,2,30,19791980,1979,N,915,62,306,368
Mark Messier,C,1961-01-18,1961,52,"1,756",694,"1,193","1,887","1,912",1:05,--,--,--,738,--,--,--,--,649,58,3,14,14,L,C,1961-01-18,Edmonton,AB,CAN,CAN,74,211,1979,3,48,19791980,1979,Y,"1,756",694,"1,193","1,887"
Paul Gillis,C,1963-12-31,1963,52,624,88,154,242,"1,501",2:24,--,--,--,580,--,--,--,--,505,55,1,7,12,L,C,1963-12-31,Toronto,ON,CAN,CAN,71,198,1982,2,34,19821983,1982,N,624,88,154,242
Grant Jennings,D,1965-05-05,1965,52,389,14,43,57,804,2:04,--,--,--,281,--,--,--,--,217,54,0,7,3,L,D,1965-05-05,Hudson Bay,SK,CAN,CAN,75,200,--,--,--,19881989,1988,N,389,14,43,57
Bill Huard,L,1967-06-24,1967,52,223,16,18,34,594,2:39,--,--,--,159,--,--,--,--,92,52,0,13,2,L,L,1967-06-24,Welland,ON,CAN,CAN,73,215,--,--,--,19921993,1992,N,223,16,18,34
Ron Delorme,C,1955-09-03,1955,51,524,83,83,166,667,1:16,--,--,--,171,--,--,--,--,99,53,0,14,5,R,C,1955-09-03,Cochin,SK,CAN,CAN,74,185,1975,4,56,19761977,1976,N,524,83,83,166
Brad Marsh,D,1958-03-31,1958,51,"1,086",23,175,198,"1,241",1:08,--,--,--,478,--,--,--,--,411,51,0,10,6,L,D,1958-03-31,London,ON,CAN,CAN,75,220,1978,1,11,19781979,1978,N,"1,086",23,175,198
Dave Richter,D,1960-04-08,1960,51,365,9,40,49,"1,030",2:49,--,--,--,330,--,--,--,--,254,50,1,13,12,R,D,1960-04-08,St. Boniface,MB,CAN,CAN,77,224,1980,10,205,19811982,1981,N,365,9,40,49
Michel Petit,D,1964-02-12,1964,51,827,90,238,328,"1,843",2:13,--,--,--,695,--,--,--,--,599,61,0,23,10,R,D,1964-02-12,St. Malo,QC,CAN,CAN,73,205,1982,1,11,19821983,1982,N,827,90,238,328
Robert Dirk,D,1966-08-20,1966,51,402,13,29,42,786,1:57,--,--,--,263,--,--,--,--,198,52,0,6,7,L,D,1966-08-20,Regina,SK,CAN,CAN,76,215,1984,3,53,19871988,1987,N,402,13,29,42
Keith Tkachuk,L,1972-03-28,1972,51,"1,201",538,527,"1,065","2,219",1:50,--,--,--,873,--,--,--,--,780,55,1,30,7,L,L,1972-03-28,Melrose,MA,USA,USA,74,235,1990,1,19,19911992,1991,N,"1,201",538,527,"1,065"
Steve Webb,R,1975-04-30,1975,51,321,5,13,18,532,1:39,--,--,--,160,--,--,--,--,101,52,0,5,2,R,R,1975-04-30,Peterborough,ON,CAN,CAN,72,211,1994,7,176,19961997,1996,N,321,5,13,18
Sheldon Souray,D,1976-07-13,1976,51,758,109,191,300,"1,145",1:30,20:29,7.4,--,427,--,--,--,--,359,51,1,11,5,L,D,1976-07-13,Elk Point,AB,CAN,CAN,76,231,1994,3,71,19971998,1997,N,758,109,191,300
Riley Cote,L,1982-03-16,1982,51,156,1,6,7,411,2:38,4:07,63.9,--,92,--,--,--,--,32,51,1,8,0,L,L,1982-03-16,Winnipeg,MB,CAN,CAN,74,220,--,--,--,20062007,2006,N,156,1,6,7
Tom Sestito,L,1987-09-28,1987,51,154,10,11,21,499,3:14,6:32,49.5,--,106,--,--,--,--,42,45,0,15,4,L,L,1987-09-28,Rome,NY,USA,USA,77,228,2006,3,85,20072008,2007,N,154,10,11,21
Gary Rissling,L,1956-08-18,1956,50,221,23,30,53,"1,006",4:33,--,--,--,250,--,--,--,--,155,52,2,30,11,L,L,1956-08-18,Saskatoon,SK,CAN,CAN,69,174,--,--,--,19781979,1978,N,221,23,30,53
Lane Lambert,R,1964-11-18,1964,50,283,58,66,124,521,1:50,--,--,--,159,--,--,--,--,104,49,0,3,3,R,R,1964-11-18,Melfort,SK,CAN,CAN,72,185,1983,2,25,19831984,1983,N,283,58,66,124
Neil Wilkinson,D,1967-08-15,1967,50,460,16,67,83,813,1:46,--,--,--,278,--,--,--,--,213,53,0,6,6,R,D,1967-08-15,Selkirk,MB,CAN,CAN,75,194,1986,2,30,19891990,1989,N,460,16,67,83
Francois Leroux,D,1970-04-18,1970,50,249,3,20,23,577,2:19,--,--,--,171,--,--,--,--,110,51,1,9,0,L,D,1970-04-18,Ste-Adele,QC,CAN,CAN,78,236,1988,1,19,19881989,1988,N,249,3,20,23
Jeremy Stevenson,L,1974-07-28,1974,50,207,19,19,38,451,2:10,--,--,--,121,--,--,--,--,63,51,0,5,2,L,L,1974-07-28,San Bernardino,CA,USA,USA,73,215,1994,11,262,19951996,1995,N,207,19,19,38
Patrick Cote,L,1975-01-24,1975,50,105,1,2,3,377,3:35,--,--,--,84,--,--,--,--,26,51,0,6,1,L,L,1975-01-24,LaSalle,QC,CAN,CAN,75,220,1995,2,37,19951996,1995,N,105,1,2,3
Rhett Warrener,D,1976-01-27,1976,50,714,24,82,106,899,1:15,--,--,--,329,--,--,--,--,267,51,0,6,5,R,D,1976-01-27,Shaunavon,SK,CAN,CAN,73,203,1994,2,27,19951996,1995,N,714,24,82,106
Adam Mair,C,1979-02-15,1979,50,615,38,76,114,829,1:20,9:10,14.7,--,270,--,--,--,--,201,53,1,8,7,R,C,1979-02-15,Hamilton,ON,CAN,CAN,73,208,1997,4,84,19992000,1999,N,615,38,76,114
Brad Winchester,L,1981-03-01,1981,50,390,37,31,68,552,1:24,9:10,15.4,--,176,--,--,--,--,120,50,0,5,1,L,L,1981-03-01,Madison,WI,USA,USA,77,230,2000,2,35,20052006,2005,N,390,37,31,68
Tim Gleason,D,1983-01-29,1983,50,727,17,125,142,701,0:57,18:53,5.1,--,229,--,--,--,--,170,47,0,8,4,L,D,1983-01-29,Clawson,MI,USA,USA,72,217,2001,1,23,20032004,2003,N,727,17,125,142
Kyle Chipchura,C,1986-02-19,1986,50,482,31,73,104,376,0:46,10:40,7.3,--,108,--,--,--,--,60,46,0,2,0,L,C,1986-02-19,Westlock,AB,CAN,CAN,74,203,2004,1,18,20072008,2007,N,482,31,73,104
